Symbol,Upcoming Earning Date,Past Earning 1,Past Earning 2,Past Earning 3,Past Earning 4
a,,2023-05-23,2023-02-28,2022-11-21,2022-08-16
aal,2023-07-20,2023-04-27,2023-01-26,2022-10-20,2022-07-21
aap,,2023-05-31,2023-02-28,2022-11-15,2022-08-23
aapl,2023-07-27,2023-05-04,2023-02-02,2022-10-27,2022-07-28
abbv,,2023-04-27,2023-02-09,2022-10-28,2022-07-29
abc,2023-08-02,2023-05-02,2023-02-01,2022-11-03,2022-08-03
abnb,2023-08-01,2023-05-09,2023-02-14,2022-11-01,2022-08-02
abr,,2023-05-05,2023-02-17,2022-11-04,2022-07-29
abt,2023-07-19,2023-04-19,2023-01-25,2022-10-19,2022-07-20
acad,,2023-05-08,2023-02-27,2022-11-02,2022-08-08
aci,2023-07-25,2023-04-11,2023-01-10,2022-10-18,2022-07-26
aciw,2023-08-03,2023-05-04,2023-03-01,2022-11-02,2022-08-04
acls,2023-08-02,2023-05-03,2023-02-08,2022-11-02,2022-08-03
acm,,2023-05-08,2023-02-06,2022-11-14,2022-08-08
acva,,2023-05-10,2023-02-22,2022-11-09,2022-08-10
adbe,2023-06-15,2023-03-15,2022-12-15,2022-09-15,2022-06-16
adc,2023-08-01,2023-05-04,2023-02-14,2022-11-01,2022-08-02
adi,,2023-05-24,2023-02-15,2022-11-22,2022-08-17
adm,2023-07-25,2023-04-25,2023-01-26,2022-10-25,2022-07-26
adp,2023-07-26,2023-04-26,2023-01-25,2022-10-26,2022-07-27
adsk,,2023-05-25,2023-02-23,2022-11-22,2022-08-24
adt,2023-08-03,2023-05-02,2023-02-28,2022-11-03,2022-08-04
aee,2023-08-03,2023-05-04,2023-02-15,2022-11-03,2022-08-04
aeo,,2023-05-24,2023-03-01,2022-11-22,2022-09-07
aep,2023-07-26,2023-05-04,2023-02-23,2022-10-27,2022-07-27
aes,2023-08-03,2023-05-04,2023-02-27,2022-11-04,2022-08-04
afl,,2023-04-26,2023-02-01,2022-10-31,2022-08-01
afrm,,2023-05-09,2023-02-08,2022-11-08,2022-08-25
agco,2023-07-27,2023-05-02,2023-02-07,2022-11-01,2022-07-28
agnc,2023-07-24,2023-04-24,2023-01-30,2022-10-24,2022-07-25
aig,,2023-05-04,2023-02-15,2022-11-01,2022-08-08
ajg,2023-07-27,2023-04-27,2023-01-26,2022-10-27,2022-07-28
ajrd,,2023-05-04,2023-02-15,2022-11-01,2022-08-01
akam,,2023-05-09,2023-02-14,2022-11-08,2022-08-09
akro,2023-08-03,2023-05-15,2023-03-17,2022-11-04,2022-08-04
al,2023-08-03,2023-05-01,2023-02-16,2022-11-03,2022-08-04
alb,2023-08-02,2023-05-03,2023-02-15,2022-11-02,2022-08-03
algm,2023-07-27,2023-05-10,2023-01-31,2022-10-27,2022-07-28
alk,2023-07-20,2023-04-20,2023-01-26,2022-10-20,2022-07-21
all,2023-08-02,2023-05-03,2023-02-01,2022-11-02,2022-08-03
alle,2023-07-27,2023-04-26,2023-02-22,2022-10-27,2022-07-28
ally,2023-07-18,2023-04-19,2023-01-20,2022-10-19,2022-07-19
alsn,2023-08-02,2023-04-27,2023-02-15,2022-10-26,2022-08-03
am,2023-07-26,2023-04-26,2023-02-15,2022-10-26,2022-07-27
amat,,2023-05-18,2023-02-16,2022-11-17,2022-08-18
amba,,2023-05-30,2023-02-28,2022-12-01,2022-08-30
amd,2023-08-01,2023-05-02,2023-01-31,2022-11-01,2022-08-02
ame,2023-08-01,2023-05-02,2023-02-02,2022-11-01,2022-08-02
amed,2023-07-26,2023-05-03,2023-02-15,2022-10-26,2022-07-27
amgn,2023-08-03,2023-04-27,2023-01-31,2022-11-03,2022-08-04
amkr,,2023-05-01,2023-02-13,2022-10-31,2022-08-01
amn,2023-08-03,2023-05-04,2023-02-16,2022-11-03,2022-08-04
amt,2023-07-27,2023-04-26,2023-02-23,2022-10-27,2022-07-28
amzn,2023-07-27,2023-04-27,2023-02-02,2022-10-27,2022-07-28
an,2023-07-20,2023-04-20,2023-02-17,2022-10-27,2022-07-21
anss,2023-08-02,2023-05-03,2023-02-22,2022-11-02,2022-08-03
aon,,2023-04-28,2023-02-03,2022-10-28,2022-07-29
aos,2023-07-27,2023-04-27,2023-01-31,2022-10-27,2022-07-28
apa,2023-08-02,2023-05-03,2023-02-22,2022-11-02,2022-08-03
apam,2023-08-01,2023-05-02,2023-01-31,2022-11-01,2022-08-02
apd,2023-08-03,2023-05-09,2023-02-02,2022-11-03,2022-08-04
aph,2023-07-26,2023-04-26,2023-01-25,2022-10-26,2022-07-27
aple,2023-08-03,2023-05-02,2023-02-21,2022-11-07,2022-08-04
apls,,2023-05-04,2023-02-21,2022-11-07,2022-08-08
app,,2023-05-10,2023-02-08,2022-11-09,2022-08-10
appn,2023-08-03,2023-05-09,2023-02-16,2022-11-03,2022-08-04
arcc,2023-07-25,2023-04-25,2023-02-07,2022-10-25,2022-07-26
are,2023-07-24,2023-04-24,2023-01-30,2022-10-24,2022-07-25
arry,,2023-05-09,2023-03-21,2022-11-08,2022-08-09
arwr,2023-08-03,2023-05-02,2023-02-06,2022-11-28,2022-08-04
asb,2023-07-20,2023-04-20,2023-01-26,2022-10-20,2022-07-21
aso,,2023-06-06,2023-03-16,2022-12-07,2022-09-07
ati,2023-08-03,2023-05-04,2023-02-02,2022-11-02,2022-08-04
atkr,2023-08-01,2023-05-09,2023-02-01,2022-11-18,2022-08-02
ato,2023-08-02,2023-05-03,2023-02-07,2022-11-09,2022-08-03
atvi,,2023-04-26,2023-02-06,2022-11-07,2022-08-01
aub,2023-07-20,2023-04-25,2023-01-24,2022-10-20,2022-07-21
ava,2023-08-02,2023-05-03,2023-02-22,2022-11-01,2022-08-03
avdx,2023-08-02,2023-05-03,2023-03-01,2022-11-02,2022-08-03
avgo,,2023-06-01,2023-03-02,2022-12-08,2022-09-01
awk,2023-07-26,2023-04-26,2023-02-15,2022-10-31,2022-07-27
ax,2023-08-03,2023-04-27,2023-01-26,2022-10-27,2022-08-04
axnx,,2023-05-01,2023-03-01,2022-10-31,2022-08-01
axon,,2023-05-09,2023-02-28,2022-11-08,2022-08-09
axp,2023-07-28,2023-04-20,2023-01-27,2022-10-21,2022-07-22
axta,2023-07-25,2023-05-02,2023-01-25,2022-10-25,2022-07-26
ayx,2023-08-01,2023-04-27,2023-02-09,2022-11-01,2022-08-02
azek,,2023-05-04,2023-02-08,2022-11-28,2022-08-04
azta,,2023-05-09,2023-02-08,2022-11-14,2022-08-09
ba,2023-07-26,2023-04-26,2023-01-25,2022-10-26,2022-07-27
bac,2023-07-18,2023-04-18,2023-01-13,2022-10-17,2022-07-18
bah,,2023-05-26,2023-01-27,2022-10-28,2022-07-29
ball,2023-08-03,2023-05-04,2023-02-02,2022-11-03,2022-08-04
bax,2023-07-27,2023-04-27,2023-02-09,2022-10-27,2022-07-28
bbio,2023-08-03,2023-05-04,2023-02-23,2022-11-03,2022-08-04
bbwi,,2023-05-18,2023-02-23,2022-11-16,2022-08-17
bby,,2023-05-25,2023-03-02,2022-11-22,2022-08-30
bdx,,2023-05-04,2023-02-02,2022-11-10,2022-08-04
beam,,2023-05-10,2023-02-28,2022-11-07,2022-08-09
ben,2023-07-27,2023-05-01,2023-01-30,2022-11-01,2022-07-28
bery,2023-08-02,2023-05-04,2023-02-02,2022-11-15,2022-08-03
bg,2023-07-26,2023-05-03,2023-02-08,2022-10-26,2022-07-27
bhf,2023-08-03,2023-05-08,2023-02-09,2022-11-07,2022-08-04
biib,,2023-04-25,2023-02-15,2022-10-25,2022-07-20
bj,,2023-05-23,2023-03-09,2022-11-17,2022-08-18
bk,2023-07-18,2023-04-18,2023-01-13,2022-10-17,2022-07-15
bkr,2023-07-19,2023-04-19,2023-01-23,2022-10-19,2022-07-20
bl,2023-08-03,2023-05-04,2023-02-14,2022-11-03,2022-08-04
bldr,,2023-05-03,2023-02-28,2022-11-08,2022-08-01
blmn,,2023-04-28,2023-02-16,2022-10-28,2022-07-29
bmbl,,2023-05-04,2023-02-22,2022-11-09,2022-08-10
bmrn,2023-08-02,2023-04-26,2023-02-27,2022-10-26,2022-08-03
bmy,2023-07-27,2023-04-27,2023-02-02,2022-10-25,2022-07-27
bnl,2023-08-02,2023-05-03,2023-02-22,2022-11-02,2022-08-03
bowl,,2023-05-17,2023-02-15,2022-11-16,2022-09-15
box,,2023-05-30,2023-03-01,2022-11-30,2022-08-24
bpmc,2023-08-01,2023-05-04,2023-02-16,2022-11-01,2022-08-02
brbr,2023-08-03,2023-05-08,2023-02-06,2022-11-17,2022-08-04
brkr,2023-08-02,2023-05-04,2023-02-09,2022-11-03,2022-08-03
bro,2023-07-24,2023-04-24,2023-01-23,2022-10-24,2022-07-25
bsx,2023-07-26,2023-04-26,2023-02-01,2022-10-26,2022-07-27
bsy,,2023-05-09,2023-02-28,2022-11-08,2022-08-09
btu,,2023-04-27,2023-02-14,2022-11-03,2022-07-28
bwa,2023-08-02,2023-05-04,2023-02-09,2022-10-27,2022-08-03
bwxt,,2023-05-08,2023-02-23,2022-11-07,2022-08-08
bx,2023-07-20,2023-04-20,2023-01-26,2022-10-20,2022-07-21
bxmt,2023-07-26,2023-04-26,2023-02-08,2022-10-26,2022-07-27
bxp,2023-07-25,2023-04-25,2023-01-31,2022-10-25,2022-07-26
byd,2023-07-25,2023-04-25,2023-02-02,2022-10-25,2022-07-26
c,,2023-04-14,2023-01-13,2022-10-14,2022-07-15
cade,2023-07-24,2023-04-24,2023-01-30,2022-10-24,2022-07-25
cag,2023-07-13,2023-04-05,2023-01-05,2022-10-06,2022-07-14
cah,,2023-05-04,2023-02-02,2022-11-04,2022-08-11
calm,2023-07-18,2023-03-28,2022-12-28,2022-09-27,2022-07-19
calx,2023-07-24,2023-04-19,2023-01-25,2022-10-24,2022-07-25
carg,,2023-05-09,2023-02-28,2022-11-08,2022-08-08
casy,,2023-06-06,2023-03-07,2022-12-06,2022-09-07
cat,2023-08-01,2023-04-27,2023-01-31,2022-10-27,2022-08-02
cbre,2023-08-03,2023-04-27,2023-02-23,2022-10-27,2022-08-04
cbrl,,2023-06-06,2023-02-28,2022-12-02,2022-09-27
cc,2023-07-27,2023-04-27,2023-02-09,2022-10-25,2022-07-28
cccs,2023-08-03,2023-05-02,2023-03-01,2022-11-04,2022-08-04
cci,2023-07-19,2023-04-19,2023-01-25,2022-10-19,2022-07-20
cck,2023-07-19,2023-04-24,2023-02-07,2022-10-24,2022-07-20
ccl,2023-06-23,2023-03-27,2022-12-21,2022-09-30,2022-06-24
cday,2023-08-02,2023-05-03,2023-02-08,2022-11-02,2022-08-03
cdns,2023-07-24,2023-04-24,2023-02-13,2022-10-24,2022-07-25
cdw,,2023-05-03,2023-02-08,2022-11-02,2022-08-03
ce,2023-07-27,2023-05-09,2023-02-23,2022-11-03,2022-07-28
ceg,2023-08-03,2023-05-04,2023-02-16,2022-11-08,2022-08-04
celh,,2023-05-09,2023-03-01,2022-11-09,2022-08-09
ceqp,2023-07-25,2023-05-02,2023-02-21,2022-11-02,2022-07-26
cert,,2023-05-08,2023-03-01,2022-11-07,2022-08-09
cf,,2023-05-01,2023-02-15,2022-11-02,2022-08-01
cfg,2023-07-18,2023-04-19,2023-01-17,2022-10-19,2022-07-19
cflt,2023-08-02,2023-05-03,2023-01-30,2022-11-02,2022-08-03
cg,2023-07-27,2023-05-04,2023-02-07,2022-11-08,2022-07-28
cgnx,2023-08-01,2023-05-04,2023-02-16,2022-11-03,2022-08-02
chd,,2023-04-27,2023-02-03,2022-10-28,2022-07-29
chk,2023-08-01,2023-05-02,2023-02-21,2022-11-01,2022-08-02
chpt,,2023-06-01,2023-03-02,2022-12-01,2022-08-30
chrw,2023-07-26,2023-04-26,2023-02-01,2022-11-02,2022-07-27
chtr,,2023-04-28,2023-01-27,2022-10-28,2022-07-29
chx,2023-07-25,2023-04-24,2023-02-01,2022-10-25,2022-07-26
ci,2023-08-03,2023-05-05,2023-02-03,2022-11-03,2022-08-04
cien,,2023-06-06,2023-03-06,2022-12-08,2022-09-01
civi,2023-08-02,2023-05-03,2023-02-22,2022-10-31,2022-08-03
cl,,2023-04-28,2023-01-27,2022-10-28,2022-07-29
clf,2023-07-28,2023-04-24,2023-02-13,2022-10-25,2022-07-22
clx,2023-08-02,2023-05-02,2023-02-02,2022-11-01,2022-08-03
cma,2023-07-21,2023-04-20,2023-01-19,2022-10-19,2022-07-20
cmc,2023-06-22,2023-03-23,2023-01-09,2022-10-13,2022-06-16
cmcsa,2023-07-27,2023-04-27,2023-01-26,2022-10-27,2022-07-28
cme,2023-07-26,2023-04-26,2023-02-08,2022-10-26,2022-07-27
cmi,2023-08-01,2023-05-02,2023-02-06,2022-11-03,2022-08-02
cnc,2023-07-28,2023-04-25,2023-02-07,2022-10-25,2022-07-26
cnk,,2023-05-05,2023-02-24,2022-11-04,2022-08-05
cno,,2023-05-01,2023-02-07,2022-10-31,2022-08-01
cnp,2023-08-01,2023-04-27,2023-02-17,2022-11-01,2022-08-02
cnx,2023-07-27,2023-04-27,2023-01-26,2022-10-27,2022-07-28
coin,,2023-05-04,2023-02-21,2022-11-03,2022-08-09
colb,2023-07-20,2023-04-26,2023-01-24,2022-10-20,2022-07-21
cold,2023-08-03,2023-05-04,2023-02-16,2022-11-03,2022-08-04
coop,2023-07-26,2023-04-26,2023-02-10,2022-10-26,2022-07-27
cop,2023-08-03,2023-05-04,2023-02-02,2022-11-03,2022-08-04
cost,,2023-05-25,2023-03-02,2022-12-08,2022-09-22
coty,,2023-05-09,2023-02-08,2022-11-08,2022-08-25
cpb,,2023-06-07,2023-03-08,2022-12-07,2022-09-01
cpe,2023-08-02,2023-05-03,2023-02-22,2022-11-02,2022-08-03
cprt,,2023-05-17,2023-02-20,2022-11-16,2022-09-07
cpt,2023-07-27,2023-04-27,2023-02-02,2022-10-27,2022-07-28
crdo,,2023-05-31,2023-03-01,2022-11-30,2022-08-31
cri,,2023-04-28,2023-02-24,2022-10-28,2022-07-29
crk,,2023-05-02,2023-02-14,2022-11-01,2022-08-01
crm,,2023-05-31,2023-03-01,2022-11-30,2022-08-24
crox,2023-08-03,2023-04-27,2023-02-16,2022-11-03,2022-08-04
crus,2023-08-01,2023-05-04,2023-02-02,2022-11-01,2022-08-02
crwd,,2023-05-31,2023-03-07,2022-11-29,2022-08-30
csco,,2023-05-17,2023-02-15,2022-11-16,2022-08-17
csgp,2023-07-25,2023-04-25,2023-02-21,2022-10-25,2022-07-26
csx,2023-07-19,2023-04-20,2023-01-25,2022-10-20,2022-07-20
ctra,2023-08-01,2023-05-04,2023-02-22,2022-11-03,2022-08-02
ctsh,2023-07-26,2023-05-03,2023-02-02,2022-11-02,2022-07-27
cube,2023-08-03,2023-04-27,2023-02-23,2022-10-27,2022-08-04
cuk,2023-06-23,2023-03-27,2022-12-21,2022-09-30,2022-06-24
cuz,2023-07-27,2023-04-27,2023-02-09,2022-10-27,2022-07-28
cvbf,2023-07-19,2023-04-26,2023-01-25,2022-10-19,2022-07-20
cvi,,2023-05-01,2023-02-21,2022-10-31,2022-08-01
cvlt,2023-07-25,2023-05-02,2023-01-31,2022-11-01,2022-07-26
cvs,2023-08-02,2023-05-03,2023-02-08,2022-11-02,2022-08-03
cvt,2023-08-03,2023-05-08,2023-03-14,2022-11-03,2022-08-04
cvx,,2023-04-28,2023-01-27,2022-10-28,2022-07-29
cwen,2023-08-01,2023-05-04,2023-02-23,2022-11-02,2022-08-02
cwt,2023-07-27,2023-04-27,2023-03-01,2022-10-27,2022-07-28
cxt,2023-07-24,2023-05-10,2023-01-23,2022-10-24,2022-07-25
cytk,2023-08-03,2023-05-04,2023-03-01,2022-11-03,2022-08-04
czr,2023-08-01,2023-05-02,2023-02-21,2022-11-01,2022-08-02
d,,2023-05-05,2023-02-08,2022-11-04,2022-08-08
dal,2023-07-12,2023-04-13,2023-01-13,2022-10-13,2022-07-13
dan,2023-08-02,2023-04-28,2023-02-21,2022-10-27,2022-08-03
dar,,2023-05-09,2023-02-27,2022-11-08,2022-08-09
dbrg,2023-08-03,2023-05-03,2023-02-24,2022-11-04,2022-08-04
dci,,2023-05-31,2023-03-01,2022-11-30,2022-08-31
ddog,2023-08-03,2023-05-04,2023-02-16,2022-11-03,2022-08-04
de,,2023-05-19,2023-02-17,2022-11-23,2022-08-19
dei,,2023-05-02,2023-02-07,2022-11-03,2022-08-01
dfs,2023-07-19,2023-04-19,2023-01-18,2022-10-24,2022-07-20
dg,,2023-06-01,2023-03-16,2022-12-01,2022-08-25
dgx,2023-07-20,2023-04-27,2023-02-02,2022-10-20,2022-07-21
dhi,2023-07-20,2023-04-20,2023-01-24,2022-11-09,2022-07-21
dhr,2023-07-20,2023-04-25,2023-01-24,2022-10-20,2022-07-21
dino,,2023-05-04,2023-02-24,2022-11-07,2022-08-08
dis,,2023-05-10,2023-02-08,2022-11-08,2022-08-10
dish,2023-08-02,2023-05-08,2023-02-23,2022-11-02,2022-08-03
dkng,,2023-05-04,2023-02-16,2022-11-04,2022-08-05
dks,,2023-05-23,2023-03-07,2022-11-22,2022-08-23
dlr,2023-07-27,2023-04-27,2023-02-16,2022-10-26,2022-07-28
dltr,,2023-05-25,2023-03-01,2022-11-22,2022-08-25
dna,,2023-05-10,2023-03-01,2022-11-14,2022-08-15
dnb,2023-08-03,2023-05-04,2023-02-16,2022-11-03,2022-08-04
dnli,,2023-05-08,2023-02-27,2022-11-03,2022-08-08
dnut,,2023-05-11,2023-02-15,2022-11-15,2022-08-17
doc,2023-08-03,2023-05-04,2023-02-22,2022-11-03,2022-08-04
docn,,2023-05-09,2023-02-16,2022-11-07,2022-08-08
docu,,2023-06-08,2023-03-09,2022-12-08,2022-09-08
dov,2023-07-20,2023-04-26,2023-01-31,2022-10-20,2022-07-21
dri,2023-06-22,2023-03-23,2022-12-16,2022-09-22,2022-06-23
drvn,2023-07-26,2023-05-03,2023-02-22,2022-10-26,2022-07-27
dt,2023-08-02,2023-05-17,2023-02-01,2022-11-02,2022-08-03
dte,2023-07-27,2023-04-27,2023-02-23,2022-10-27,2022-07-28
duk,2023-08-03,2023-05-09,2023-02-09,2022-11-03,2022-08-04
duol,2023-08-03,2023-05-09,2023-02-28,2022-11-10,2022-08-04
dvn,,2023-05-08,2023-02-14,2022-11-01,2022-08-01
dxcm,2023-07-27,2023-04-27,2023-02-09,2022-10-27,2022-07-28
ea,2023-08-01,2023-05-09,2023-01-31,2022-11-01,2022-08-02
ebay,2023-08-02,2023-04-26,2023-02-22,2022-11-02,2022-08-03
ebc,2023-07-27,2023-04-27,2023-01-26,2022-10-27,2022-07-28
ecl,2023-07-25,2023-05-02,2023-02-14,2022-11-01,2022-07-26
ed,2023-08-03,2023-05-04,2023-02-16,2022-11-03,2022-08-04
efx,2023-07-19,2023-04-19,2023-02-08,2022-10-19,2022-07-20
eix,2023-07-27,2023-05-02,2023-02-23,2022-11-01,2022-07-28
el,,2023-05-03,2023-02-02,2022-11-02,2022-08-18
elan,,2023-05-09,2023-02-21,2022-11-08,2022-08-08
elf,2023-08-02,2023-05-24,2023-02-01,2022-11-02,2022-08-03
elv,2023-07-19,2023-04-19,2023-01-25,2022-10-19,2022-07-20
emn,2023-07-27,2023-04-27,2023-01-26,2022-10-27,2022-07-28
emr,,2023-05-03,2023-02-08,2022-10-31,2022-08-09
enph,2023-07-25,2023-04-25,2023-02-07,2022-10-25,2022-07-26
entg,2023-08-01,2023-05-11,2023-02-14,2022-11-02,2022-08-02
envx,,2023-04-26,2023-02-22,2022-11-01,2022-08-10
eog,2023-08-03,2023-05-04,2023-02-23,2022-11-03,2022-08-04
epam,2023-08-03,2023-05-05,2023-02-16,2022-11-03,2022-08-04
epd,2023-08-02,2023-05-02,2023-02-01,2022-11-01,2022-08-03
eprt,2023-07-27,2023-04-26,2023-02-15,2022-10-27,2022-07-28
eqc,,2023-05-03,2023-02-08,2022-10-25,2022-08-01
eqr,2023-07-25,2023-04-25,2023-02-09,2022-10-25,2022-07-26
eqt,2023-07-26,2023-04-26,2023-02-15,2022-10-26,2022-07-27
es,2023-07-27,2023-05-03,2023-02-13,2022-11-02,2022-07-28
esi,2023-07-26,2023-04-26,2023-02-21,2022-10-26,2022-07-27
estc,,2023-06-01,2023-03-02,2022-11-30,2022-08-25
et,2023-08-02,2023-05-02,2023-02-15,2022-11-01,2022-08-03
etr,2023-08-02,2023-04-26,2023-02-16,2022-11-02,2022-08-03
etsy,2023-07-26,2023-05-03,2023-02-22,2022-11-02,2022-07-27
evh,2023-08-01,2023-05-03,2023-02-22,2022-11-02,2022-08-02
evrg,2023-08-03,2023-05-05,2023-02-24,2022-11-04,2022-08-04
ew,2023-07-27,2023-04-26,2023-01-31,2022-10-27,2022-07-28
ewbc,2023-07-20,2023-04-20,2023-01-26,2022-10-20,2022-07-21
exas,2023-08-01,2023-05-09,2023-02-21,2022-11-03,2022-08-02
exc,2023-08-02,2023-05-03,2023-02-14,2022-11-03,2022-08-03
exel,,2023-05-09,2023-02-07,2022-11-01,2022-08-09
expd,2023-08-01,2023-05-02,2023-02-21,2022-11-08,2022-08-02
expe,2023-08-03,2023-05-04,2023-02-09,2022-11-03,2022-08-04
expi,2023-08-02,2023-05-02,2023-02-28,2022-11-02,2022-08-03
exr,2023-08-01,2023-05-02,2023-02-22,2022-11-01,2022-08-02
extr,2023-07-26,2023-04-26,2023-01-25,2022-10-27,2022-07-27
eye,,2023-05-11,2023-03-01,2022-11-10,2022-08-11
f,2023-07-26,2023-05-02,2023-02-02,2022-10-26,2022-07-27
faf,2023-07-27,2023-04-27,2023-02-09,2022-10-27,2022-07-28
fang,,2023-05-01,2023-02-21,2022-11-07,2022-08-01
fast,2023-07-12,2023-04-13,2023-01-19,2022-10-13,2022-07-13
fbin,2023-07-26,2023-04-26,2023-02-16,2022-10-26,2022-07-27
fcpt,2023-07-25,2023-05-01,2023-02-15,2022-11-01,2022-07-26
fcx,2023-07-20,2023-04-21,2023-01-25,2022-10-20,2022-07-21
fdx,2023-06-20,2023-03-16,2022-12-20,2022-09-22,2022-06-23
fe,2023-07-25,2023-04-27,2023-02-13,2022-10-25,2022-07-26
ffin,2023-07-20,2023-04-20,2023-01-19,2022-10-20,2022-07-21
fhb,,2023-04-28,2023-01-27,2022-10-28,2022-07-29
fhi,2023-07-27,2023-04-27,2023-01-26,2022-10-27,2022-07-28
fhn,2023-07-18,2023-04-18,2023-01-18,2022-10-18,2022-07-19
fi,2023-07-25,2023-04-25,2023-02-07,2022-10-27,2022-07-26
fibk,2023-07-25,2023-04-26,2023-01-26,2022-10-25,2022-07-26
fis,2023-08-03,2023-04-27,2023-02-13,2022-11-03,2022-08-04
fitb,2023-07-20,2023-04-20,2023-01-19,2022-10-20,2022-07-21
five,,2023-06-01,2023-03-15,2022-11-30,2022-08-31
fivn,2023-07-27,2023-05-04,2023-02-22,2022-11-07,2022-07-28
fl,,2023-05-19,2023-03-20,2022-11-18,2022-08-19
flo,,2023-05-18,2023-02-09,2022-11-10,2022-08-11
flr,,2023-05-05,2023-02-21,2022-11-04,2022-08-05
fls,2023-07-26,2023-05-01,2023-02-21,2022-10-31,2022-07-27
flyw,,2023-05-09,2023-02-28,2022-11-08,2022-08-09
fmc,2023-08-01,2023-05-01,2023-02-07,2022-11-01,2022-08-02
fnb,2023-07-19,2023-04-19,2023-01-23,2022-10-18,2022-07-20
fnf,2023-08-01,2023-05-03,2023-02-22,2022-11-08,2022-08-02
fold,2023-08-03,2023-05-10,2023-03-01,2022-11-07,2022-08-04
four,2023-08-03,2023-05-04,2023-02-28,2022-11-07,2022-08-04
fox,,2023-05-09,2023-02-08,2022-11-01,2022-08-10
foxa,,2023-05-09,2023-02-08,2022-11-01,2022-08-10
fr,2023-07-19,2023-04-19,2023-02-08,2022-10-19,2022-07-20
frog,2023-08-02,2023-05-03,2023-02-08,2022-11-02,2022-08-03
frpt,,2023-05-08,2023-02-27,2022-11-01,2022-08-08
frsh,2023-08-01,2023-05-02,2023-02-07,2022-11-01,2022-08-02
frt,2023-08-03,2023-05-04,2023-02-08,2022-11-03,2022-08-04
fslr,2023-07-27,2023-04-27,2023-02-28,2022-10-27,2022-07-28
ftai,2023-07-26,2023-04-26,2023-02-23,2022-10-27,2022-07-27
ftdr,2023-08-03,2023-05-04,2023-03-01,2022-11-03,2022-08-04
ftnt,2023-08-02,2023-05-04,2023-02-07,2022-11-02,2022-08-03
fult,2023-07-18,2023-04-18,2023-01-17,2022-10-18,2022-07-19
fybr,,2023-05-05,2023-02-24,2022-11-02,2022-08-05
gbci,2023-07-20,2023-04-20,2023-01-26,2022-10-20,2022-07-21
gbdc,,2023-05-08,2023-02-08,2022-11-21,2022-08-09
gd,2023-07-26,2023-04-26,2023-01-25,2022-10-26,2022-07-27
gddy,2023-08-02,2023-05-04,2023-02-14,2022-11-03,2022-08-03
gdrx,,2023-05-10,2023-02-28,2022-11-08,2022-08-08
ge,2023-07-25,2023-04-25,2023-01-24,2022-10-25,2022-07-26
gfs,,2023-05-09,2023-02-14,2022-11-08,2022-08-09
ggg,2023-07-26,2023-04-26,2023-01-30,2022-10-26,2022-07-27
gh,2023-08-03,2023-05-09,2023-02-23,2022-11-03,2022-08-04
gild,2023-08-01,2023-04-27,2023-02-02,2022-10-27,2022-08-02
gis,2023-06-28,2023-03-23,2022-12-20,2022-09-21,2022-06-29
gkos,2023-08-02,2023-05-03,2023-02-22,2022-11-02,2022-08-03
glpi,2023-07-27,2023-04-27,2023-02-23,2022-10-27,2022-07-28
glw,2023-07-25,2023-04-25,2023-01-31,2022-10-25,2022-07-26
gm,2023-07-25,2023-04-25,2023-01-31,2022-10-25,2022-07-26
gme,,2023-06-07,2023-03-21,2022-12-07,2022-09-07
gmed,2023-08-03,2023-05-04,2023-02-21,2022-11-08,2022-08-04
gnrc,2023-08-02,2023-05-03,2023-02-15,2022-11-02,2022-08-03
gntx,2023-07-28,2023-04-28,2023-01-27,2022-10-28,2022-07-22
go,,2023-05-09,2023-02-28,2022-11-08,2022-08-09
gogo,,2023-05-03,2023-02-28,2022-11-03,2022-08-05
goog,2023-07-25,2023-04-25,2023-02-02,2022-10-25,2022-07-26
googl,2023-07-25,2023-04-25,2023-02-02,2022-10-25,2022-07-26
gpc,2023-07-26,2023-04-20,2023-02-23,2022-10-20,2022-07-27
gpk,2023-07-25,2023-05-02,2023-02-07,2022-10-25,2022-07-26
gpn,,2023-05-01,2023-02-10,2022-10-31,2022-08-01
gps,,2023-05-25,2023-03-09,2022-11-17,2022-08-25
gs,2023-07-17,2023-04-18,2023-01-17,2022-10-18,2022-07-18
gt,,2023-05-04,2023-02-08,2022-10-31,2022-08-05
gtlb,,2023-06-05,2023-03-13,2022-12-05,2022-09-06
gtls,,2023-04-28,2023-02-24,2022-10-28,2022-07-29
gwre,,2023-06-01,2023-03-06,2022-12-06,2022-09-06
h,,2023-05-04,2023-02-16,2022-11-03,2022-08-09
hal,2023-07-18,2023-04-25,2023-01-24,2022-10-25,2022-07-19
halo,,2023-05-09,2023-02-21,2022-11-08,2022-08-09
has,2023-07-18,2023-04-27,2023-02-16,2022-10-18,2022-07-19
hasi,2023-08-03,2023-05-04,2023-02-16,2022-11-03,2022-08-04
hayw,2023-07-27,2023-05-04,2023-02-28,2022-11-01,2022-07-28
hban,2023-07-20,2023-04-20,2023-01-20,2022-10-21,2022-07-21
hca,2023-07-28,2023-04-21,2023-01-27,2022-10-21,2022-07-22
hcp,,2023-06-07,2023-03-09,2022-12-07,2022-09-01
hd,,2023-05-16,2023-02-21,2022-11-15,2022-08-16
hes,2023-07-26,2023-04-26,2023-01-25,2022-10-26,2022-07-27
hi,2023-08-02,2023-05-08,2023-02-08,2022-11-16,2022-08-03
hig,2023-07-27,2023-04-27,2023-02-02,2022-10-27,2022-07-28
hiw,2023-07-25,2023-04-25,2023-02-07,2022-10-25,2022-07-26
hl,2023-08-03,2023-05-10,2023-02-15,2022-11-09,2022-08-04
hli,2023-07-27,2023-05-09,2023-01-31,2022-10-27,2022-07-28
hog,2023-07-27,2023-04-27,2023-02-02,2022-10-26,2022-07-28
holx,2023-07-26,2023-05-01,2023-02-01,2022-10-31,2022-07-27
homb,2023-07-20,2023-04-20,2023-01-19,2022-10-20,2022-07-21
hon,,2023-04-27,2023-02-02,2022-10-27,2022-07-28
hood,2023-08-01,2023-05-10,2023-02-08,2022-11-02,2022-08-02
hpe,,2023-05-30,2023-03-02,2022-11-29,2022-08-30
hpq,,2023-05-30,2023-02-28,2022-11-22,2022-08-30
hqy,,2023-06-05,2023-03-21,2022-12-06,2022-09-06
hr,,2023-05-09,2023-03-01,2022-11-09,2022-08-09
hrb,,2023-05-09,2023-02-07,2022-11-01,2022-08-09
hrl,,2023-06-01,2023-03-02,2022-11-30,2022-09-01
hsic,2023-08-01,2023-05-09,2023-02-16,2022-11-01,2022-08-02
hst,2023-08-02,2023-05-03,2023-02-15,2022-11-02,2022-08-03
hsy,2023-07-27,2023-04-27,2023-02-02,2022-11-04,2022-07-28
htgc,2023-07-27,2023-05-04,2023-02-16,2022-11-02,2022-07-28
htz,2023-07-27,2023-04-27,2023-02-07,2022-10-27,2022-07-28
hubs,2023-08-03,2023-05-03,2023-02-16,2022-11-02,2022-08-04
hum,2023-07-26,2023-04-26,2023-02-01,2022-11-02,2022-07-27
hun,2023-08-01,2023-05-05,2023-02-21,2022-11-04,2022-08-02
hwc,2023-07-18,2023-04-18,2023-01-17,2022-10-18,2022-07-19
hwm,2023-08-03,2023-05-02,2023-02-14,2022-10-31,2022-08-04
ias,2023-08-03,2023-05-04,2023-03-02,2022-11-10,2022-08-04
ibm,2023-07-17,2023-04-19,2023-01-25,2022-10-19,2022-07-18
ice,2023-08-03,2023-05-04,2023-02-02,2022-11-03,2022-08-04
iep,2023-08-03,2023-05-10,2023-02-24,2022-11-03,2022-08-04
iex,2023-07-25,2023-04-26,2023-01-31,2022-10-25,2022-07-26
igt,2023-08-01,2023-05-09,2023-02-28,2022-11-08,2022-08-02
ilmn,,2023-04-25,2023-02-07,2022-11-03,2022-08-11
imgn,,2023-04-28,2023-03-01,2022-11-04,2022-07-29
incy,2023-08-01,2023-05-02,2023-02-07,2022-11-01,2022-08-02
insm,2023-08-03,2023-05-04,2023-02-23,2022-10-27,2022-08-04
intc,2023-07-27,2023-04-27,2023-01-26,2022-10-27,2022-07-28
intu,,2023-05-23,2023-02-23,2022-11-29,2022-08-23
invh,2023-07-26,2023-05-01,2023-02-15,2022-10-26,2022-07-27
ions,,2023-05-03,2023-02-22,2022-11-09,2022-08-09
ip,2023-07-27,2023-04-27,2023-01-31,2022-10-27,2022-07-28
ipg,,2023-04-27,2023-02-09,2022-10-21,2022-07-21
iqv,2023-07-20,2023-04-27,2023-02-10,2022-10-26,2022-07-21
ir,2023-08-02,2023-05-03,2023-02-21,2022-11-02,2022-08-03
irdm,2023-07-25,2023-04-20,2023-02-16,2022-10-20,2022-07-26
irm,2023-08-03,2023-05-04,2023-02-23,2022-11-03,2022-08-04
irt,2023-07-26,2023-04-26,2023-02-15,2022-10-26,2022-07-27
irtc,2023-08-03,2023-05-04,2023-02-23,2022-11-01,2022-08-04
isee,,2023-05-10,2023-03-01,2022-11-03,2022-07-26
isrg,2023-07-20,2023-04-18,2023-01-24,2022-10-18,2022-07-21
itci,,2023-05-04,2023-03-01,2022-11-03,2022-08-09
itw,2023-08-01,2023-05-02,2023-02-02,2022-10-25,2022-08-02
ivz,2023-07-26,2023-04-25,2023-01-24,2022-10-25,2022-07-27
jbht,2023-07-18,2023-04-17,2023-01-18,2022-10-18,2022-07-19
jbl,2023-06-15,2023-03-16,2022-12-15,2022-09-27,2022-06-16
jblu,2023-08-01,2023-04-25,2023-01-26,2022-10-25,2022-08-02
jef,2023-06-26,2023-03-28,2023-01-09,2022-09-28,2022-06-27
jnj,2023-07-20,2023-04-18,2023-01-24,2022-10-18,2022-07-19
jnpr,2023-07-25,2023-04-25,2023-01-31,2022-10-25,2022-07-26
joby,,2023-05-03,2023-02-22,2022-11-02,2022-08-11
jwn,,2023-05-31,2023-03-02,2022-11-22,2022-08-23
k,2023-08-03,2023-05-04,2023-02-09,2022-11-03,2022-08-04
kbr,2023-08-01,2023-05-01,2023-02-16,2022-10-26,2022-08-02
kdp,2023-07-27,2023-04-27,2023-02-23,2022-10-27,2022-07-28
key,2023-07-20,2023-04-20,2023-01-19,2022-10-20,2022-07-21
keys,,2023-05-16,2023-02-21,2022-11-17,2022-08-17
khc,2023-07-26,2023-05-03,2023-02-15,2022-10-26,2022-07-27
kim,2023-07-27,2023-04-27,2023-02-09,2022-10-27,2022-07-28
kkr,2023-08-01,2023-05-08,2023-02-07,2022-11-01,2022-08-02
klac,2023-07-27,2023-04-26,2023-01-26,2022-10-26,2022-07-28
kmb,2023-07-25,2023-04-25,2023-01-25,2022-10-25,2022-07-26
kmi,2023-07-19,2023-04-19,2023-01-18,2022-10-19,2022-07-20
kmt,,2023-05-01,2023-02-06,2022-10-31,2022-08-01
kmx,2023-06-23,2023-04-11,2022-12-22,2022-09-29,2022-06-24
knx,2023-07-19,2023-04-20,2023-01-26,2022-10-19,2022-07-20
ko,2023-07-25,2023-04-24,2023-02-14,2022-10-25,2022-07-26
kr,2023-06-15,2023-03-02,2022-12-01,2022-09-09,2022-06-16
krc,2023-07-26,2023-04-26,2023-02-01,2022-10-25,2022-07-27
krg,2023-08-01,2023-05-01,2023-02-13,2022-11-02,2022-08-02
kss,,2023-05-24,2023-03-01,2022-11-17,2022-08-18
kw,2023-08-02,2023-05-03,2023-02-21,2022-11-02,2022-08-03
lazr,,2023-05-09,2023-02-28,2022-11-02,2022-08-08
lbrdk,,2023-05-02,2023-02-17,2022-11-04,2022-08-05
lbrt,2023-07-24,2023-04-19,2023-01-25,2022-10-19,2022-07-25
lcid,2023-08-02,2023-05-08,2023-02-22,2022-11-08,2022-08-03
leg,,2023-05-01,2023-02-06,2022-10-31,2022-08-01
len,2023-06-14,2023-03-14,2022-12-14,2022-09-21,2022-06-21
lesl,,2023-05-03,2023-02-02,2022-11-30,2022-08-05
levi,2023-07-06,2023-04-06,2023-01-25,2022-10-06,2022-07-07
lfst,,2023-05-10,2023-03-08,2022-11-08,2022-08-09
lhx,2023-07-27,2023-04-27,2023-01-26,2022-10-27,2022-07-28
lite,,2023-05-09,2023-02-09,2022-11-08,2022-08-16
lkq,2023-07-27,2023-04-27,2023-02-23,2022-10-27,2022-07-28
lly,2023-08-03,2023-04-27,2023-02-02,2022-11-01,2022-08-04
lmt,2023-07-18,2023-04-18,2023-01-24,2022-10-18,2022-07-19
lnc,2023-08-02,2023-05-09,2023-02-08,2022-11-02,2022-08-03
lnt,2023-08-03,2023-05-04,2023-02-23,2022-11-07,2022-08-04
lnth,2023-08-03,2023-05-04,2023-02-23,2022-11-03,2022-08-04
lnw,,2023-05-09,2023-03-01,2022-11-09,2022-08-09
logi,2023-07-24,2023-05-01,2023-01-23,2022-10-24,2022-07-25
low,,2023-05-23,2023-03-01,2022-11-16,2022-08-17
lpla,2023-08-01,2023-04-27,2023-02-02,2022-10-27,2022-08-02
lrcx,2023-07-26,2023-04-19,2023-01-25,2022-10-19,2022-07-27
lscc,,2023-05-01,2023-02-13,2022-10-31,2022-08-01
lsi,2023-08-02,2023-05-02,2023-02-23,2022-11-02,2022-08-03
lsxma,,2023-05-05,2023-03-01,2022-11-04,2022-08-05
lsxmk,,2023-05-05,2023-03-01,2022-11-04,2022-08-05
lthm,2023-08-01,2023-05-02,2023-02-14,2022-11-01,2022-08-02
luv,2023-07-27,2023-04-27,2023-01-26,2022-10-27,2022-07-28
lvs,2023-07-19,2023-04-19,2023-01-25,2022-10-19,2022-07-20
lxp,2023-08-03,2023-05-03,2023-02-16,2022-11-03,2022-08-04
lyft,2023-08-03,2023-05-04,2023-02-09,2022-11-07,2022-08-04
lyv,2023-08-03,2023-05-04,2023-02-23,2022-11-03,2022-08-04
lz,,2023-05-09,2023-02-23,2022-11-10,2022-08-11
m,,2023-06-01,2023-03-02,2022-11-17,2022-08-23
ma,2023-07-27,2023-04-27,2023-01-26,2022-10-27,2022-07-28
mac,2023-07-27,2023-05-04,2023-02-07,2022-11-03,2022-07-28
mar,2023-08-01,2023-05-02,2023-02-14,2022-11-03,2022-08-02
mas,2023-07-27,2023-04-26,2023-02-09,2022-10-26,2022-07-28
mat,2023-07-20,2023-04-26,2023-02-08,2022-10-25,2022-07-21
mcd,2023-07-25,2023-04-25,2023-01-31,2022-10-27,2022-07-26
mchp,2023-08-01,2023-05-04,2023-02-02,2022-11-03,2022-08-02
mck,2023-08-02,2023-05-08,2023-02-01,2022-11-01,2022-08-03
mdb,,2023-06-01,2023-03-08,2022-12-06,2022-08-31
mdc,2023-07-27,2023-05-02,2023-01-31,2022-10-27,2022-07-28
mdlz,2023-07-25,2023-04-27,2023-01-31,2022-11-01,2022-07-26
mdt,,2023-05-25,2023-02-21,2022-11-22,2022-08-23
mdu,2023-08-03,2023-05-04,2023-02-09,2022-11-03,2022-08-04
met,2023-08-02,2023-05-03,2023-02-01,2022-11-02,2022-08-03
meta,2023-07-26,2023-04-26,2023-02-01,2022-10-26,2022-07-27
mgm,2023-08-02,2023-05-01,2023-02-08,2022-11-02,2022-08-03
mgy,2023-08-01,2023-05-03,2023-02-14,2022-11-01,2022-08-02
mhk,2023-07-27,2023-04-27,2023-02-09,2022-10-27,2022-07-28
mkc,2023-06-29,2023-03-28,2023-01-26,2022-10-06,2022-06-29
mksi,2023-07-26,2023-05-03,2023-02-27,2022-11-02,2022-07-27
mmc,2023-07-20,2023-04-20,2023-01-26,2022-10-20,2022-07-21
mmm,2023-07-25,2023-04-25,2023-01-24,2022-10-25,2022-07-26
mmp,2023-07-27,2023-05-04,2023-02-02,2022-10-27,2022-07-28
mnst,2023-08-03,2023-05-04,2023-02-28,2022-11-03,2022-08-04
mo,2023-07-27,2023-04-27,2023-02-01,2022-10-27,2022-07-28
modg,2023-08-03,2023-05-09,2023-02-09,2022-11-03,2022-08-04
morf,2023-08-02,2023-04-25,2023-02-23,2022-11-02,2022-08-03
mos,,2023-05-03,2023-02-22,2022-11-07,2022-08-01
mpc,2023-08-01,2023-05-02,2023-01-31,2022-11-01,2022-08-02
mplx,2023-08-01,2023-05-02,2023-01-31,2022-11-01,2022-08-02
mpw,2023-08-02,2023-04-27,2023-02-23,2022-10-27,2022-08-03
mq,,2023-05-09,2023-02-28,2022-11-09,2022-08-10
mrk,2023-07-27,2023-04-27,2023-02-02,2022-10-27,2022-07-28
mrna,2023-08-02,2023-05-04,2023-02-23,2022-11-03,2022-08-03
mro,2023-08-02,2023-05-03,2023-02-15,2022-11-02,2022-08-03
mrtx,2023-08-02,2023-05-09,2023-02-28,2022-11-08,2022-08-03
mrvi,2023-08-03,2023-05-08,2023-02-22,2022-11-02,2022-08-04
mrvl,,2023-05-25,2023-03-02,2022-12-01,2022-08-25
ms,2023-07-18,2023-04-19,2023-01-17,2022-10-14,2022-07-14
msft,2023-07-25,2023-04-25,2023-01-24,2022-10-25,2022-07-26
msi,2023-08-03,2023-05-04,2023-02-09,2022-11-03,2022-08-04
mstr,2023-08-01,2023-05-01,2023-02-02,2022-11-01,2022-08-02
mtb,2023-07-19,2023-04-17,2023-01-19,2022-10-19,2022-07-20
mtch,2023-08-01,2023-05-02,2023-01-31,2022-11-01,2022-08-02
mtdr,2023-07-25,2023-04-25,2023-02-21,2022-10-25,2022-07-26
mtg,2023-08-02,2023-05-03,2023-02-01,2022-11-02,2022-08-03
mtz,2023-08-03,2023-05-04,2023-02-23,2022-11-03,2022-08-04
mu,2023-06-28,2023-03-28,2022-12-21,2022-09-29,2022-06-30
mur,2023-08-03,2023-05-03,2023-01-26,2022-11-03,2022-08-04
mwa,2023-08-03,2023-05-08,2023-02-02,2022-11-07,2022-08-04
mxl,2023-07-26,2023-04-26,2023-02-01,2022-10-25,2022-07-27
nari,2023-08-02,2023-05-03,2023-02-27,2022-11-02,2022-08-03
navi,2023-07-25,2023-04-26,2023-01-24,2022-10-25,2022-07-26
nbix,2023-08-03,2023-05-03,2023-02-06,2022-11-01,2022-08-04
nclh,,2023-05-01,2023-02-28,2022-11-08,2022-08-09
ncno,,2023-05-31,2023-03-28,2022-11-30,2022-09-01
ncr,2023-07-26,2023-05-04,2023-02-07,2022-10-25,2022-07-27
ndaq,2023-07-19,2023-04-19,2023-01-25,2022-10-19,2022-07-20
nee,2023-07-28,2023-04-25,2023-01-25,2022-10-28,2022-07-22
nem,2023-07-24,2023-04-27,2023-02-23,2022-11-01,2022-07-25
neo,,2023-05-08,2023-02-23,2022-11-08,2022-08-09
neog,2023-07-25,2023-03-30,2023-01-05,2022-09-27,2022-07-26
net,2023-08-03,2023-04-27,2023-02-09,2022-11-03,2022-08-04
newr,2023-08-03,2023-05-23,2023-02-07,2022-11-08,2022-08-04
nfe,2023-08-02,2023-05-04,2023-02-28,2022-11-08,2022-08-03
nflx,2023-07-18,2023-04-18,2023-01-19,2022-10-18,2022-07-19
ni,2023-08-02,2023-05-03,2023-02-22,2022-11-07,2022-08-03
nke,2023-06-29,2023-03-21,2022-12-20,2022-09-29,2022-06-27
nly,2023-07-26,2023-04-26,2023-02-08,2022-10-26,2022-07-27
nnn,2023-08-02,2023-05-02,2023-02-09,2022-11-02,2022-08-03
noc,2023-07-27,2023-04-27,2023-01-26,2022-10-27,2022-07-28
nog,2023-08-02,2023-05-04,2023-02-23,2022-11-08,2022-08-03
nov,2023-07-26,2023-04-26,2023-02-06,2022-10-27,2022-07-27
nova,2023-07-26,2023-04-26,2023-02-22,2022-10-26,2022-07-27
now,2023-07-26,2023-04-26,2023-01-25,2022-10-26,2022-07-27
nrg,2023-08-03,2023-05-04,2023-02-16,2022-11-07,2022-08-04
nsc,2023-07-26,2023-04-26,2023-01-25,2022-10-26,2022-07-27
ntap,,2023-05-31,2023-02-22,2022-11-29,2022-08-24
ntla,2023-08-03,2023-05-04,2023-02-23,2022-11-03,2022-08-04
ntra,2023-08-03,2023-05-09,2023-02-28,2022-11-08,2022-08-04
ntrs,2023-07-19,2023-04-25,2023-01-19,2022-10-19,2022-07-20
nue,2023-07-20,2023-04-20,2023-01-26,2022-10-20,2022-07-21
nvda,,2023-05-24,2023-02-22,2022-11-16,2022-08-24
nwl,,2023-04-28,2023-02-10,2022-10-28,2022-07-29
nwsa,,2023-05-11,2023-02-09,2022-11-08,2022-08-08
nycb,2023-07-26,2023-04-28,2023-01-31,2022-10-26,2022-07-27
nyt,2023-08-02,2023-05-10,2023-02-08,2022-11-02,2022-08-03
o,2023-08-02,2023-05-03,2023-02-21,2022-11-02,2022-08-03
oc,2023-07-26,2023-04-26,2023-02-15,2022-10-26,2022-07-27
odfl,2023-07-26,2023-04-26,2023-02-01,2022-10-26,2022-07-27
ofc,2023-07-27,2023-04-27,2023-02-09,2022-10-27,2022-07-28
oge,2023-08-03,2023-05-04,2023-02-23,2022-11-02,2022-08-04
ohi,,2023-05-02,2023-02-02,2022-11-02,2022-08-01
oi,2023-08-01,2023-04-25,2023-01-31,2022-11-01,2022-08-02
oke,,2023-05-02,2023-02-27,2022-11-01,2022-08-08
okta,,2023-05-31,2023-03-01,2022-11-30,2022-08-31
olli,,2023-06-07,2023-03-22,2022-12-07,2022-09-01
oln,2023-07-27,2023-04-27,2023-01-26,2022-10-26,2022-07-28
olpx,,2023-05-09,2023-02-28,2022-11-09,2022-08-09
omc,2023-07-18,2023-04-18,2023-02-07,2022-10-18,2022-07-19
on,,2023-05-01,2023-02-06,2022-10-31,2022-08-01
onb,2023-07-25,2023-04-25,2023-01-24,2022-10-25,2022-07-26
opch,2023-07-26,2023-05-03,2023-02-23,2022-10-27,2022-07-27
ori,2023-07-27,2023-04-27,2023-01-26,2022-10-27,2022-07-28
osk,2023-07-27,2023-04-27,2023-01-31,2022-10-27,2022-07-28
owl,2023-08-03,2023-05-04,2023-02-13,2022-11-04,2022-08-04
oxy,2023-08-01,2023-05-09,2023-02-27,2022-11-08,2022-08-02
ozk,2023-07-20,2023-04-20,2023-01-19,2022-10-20,2022-07-21
paa,2023-08-02,2023-05-05,2023-02-08,2022-11-02,2022-08-03
pacb,2023-08-02,2023-05-02,2023-02-16,2022-11-07,2022-08-03
pagp,2023-08-02,2023-05-05,2023-02-08,2022-11-02,2022-08-03
panw,,2023-05-23,2023-02-21,2022-11-17,2022-08-22
para,2023-08-03,2023-05-04,2023-02-16,2022-11-02,2022-08-04
payx,2023-07-05,2023-03-29,2022-12-22,2022-09-28,2022-06-29
pbf,2023-07-27,2023-05-05,2023-02-16,2022-10-27,2022-07-28
pcar,2023-07-25,2023-04-25,2023-01-24,2022-10-25,2022-07-26
pcg,2023-07-27,2023-05-04,2023-02-23,2022-10-27,2022-07-28
pdce,2023-08-02,2023-05-03,2023-02-22,2022-11-02,2022-08-03
pdco,2023-07-05,2023-03-02,2022-12-01,2022-09-01,2022-06-29
peak,2023-08-01,2023-04-27,2023-02-07,2022-11-01,2022-08-02
peco,2023-08-03,2023-05-02,2023-02-09,2022-11-03,2022-08-04
peg,2023-08-01,2023-05-02,2023-02-21,2022-10-31,2022-08-02
penn,2023-08-03,2023-05-04,2023-02-02,2022-11-03,2022-08-04
pep,2023-07-13,2023-04-25,2023-02-09,2022-10-12,2022-07-12
pfe,2023-07-27,2023-05-02,2023-01-31,2022-11-01,2022-07-28
pfg,2023-07-27,2023-04-27,2023-01-30,2022-10-27,2022-08-08
pfgc,,2023-05-10,2023-02-08,2022-11-09,2022-08-17
pfsi,2023-08-01,2023-04-27,2023-02-02,2022-10-27,2022-08-02
pg,,2023-04-21,2023-01-19,2022-10-19,2022-07-29
pgny,2023-08-03,2023-05-08,2023-02-27,2022-11-03,2022-08-04
pgr,2023-07-21,2023-04-13,2023-01-25,2022-10-13,2022-07-15
ph,2023-08-03,2023-05-04,2023-02-02,2022-11-03,2022-08-04
phm,2023-07-25,2023-04-25,2023-01-31,2022-10-25,2022-07-26
pinc,,2023-05-02,2023-02-07,2022-11-01,2022-08-16
pk,2023-08-02,2023-05-01,2023-02-22,2022-11-02,2022-08-03
pld,2023-07-17,2023-04-18,2023-01-18,2022-10-19,2022-07-18
plnt,,2023-05-04,2023-02-23,2022-11-08,2022-08-09
plug,,2023-05-09,2023-03-01,2022-11-08,2022-08-09
pm,2023-07-20,2023-04-20,2023-02-09,2022-10-20,2022-07-21
pnc,2023-07-18,2023-04-14,2023-01-18,2022-10-14,2022-07-15
pnfp,2023-07-18,2023-04-17,2023-01-17,2022-10-18,2022-07-19
pnw,2023-08-02,2023-05-04,2023-02-27,2022-11-03,2022-08-03
por,2023-07-27,2023-04-28,2023-02-16,2022-10-25,2022-07-28
post,2023-08-03,2023-05-04,2023-02-02,2022-11-17,2022-08-04
powi,2023-08-03,2023-05-04,2023-02-06,2022-11-02,2022-08-04
ppbi,2023-07-20,2023-04-27,2023-01-26,2022-10-20,2022-07-21
ppc,2023-07-26,2023-04-26,2023-02-08,2022-10-26,2022-07-27
ppg,2023-07-20,2023-04-20,2023-01-19,2022-10-19,2022-07-21
ppl,2023-08-02,2023-05-04,2023-02-17,2022-11-04,2022-08-03
pr,2023-08-02,2023-05-08,2023-02-22,2022-11-08,2022-08-03
prgo,,2023-05-09,2023-02-27,2022-11-08,2022-08-09
pru,2023-08-01,2023-05-02,2023-02-07,2022-11-01,2022-08-02
prva,,2023-05-04,2023-02-28,2022-11-10,2022-08-11
psa,2023-08-03,2023-05-03,2023-02-21,2022-11-01,2022-08-04
psec,,2023-05-09,2023-02-08,2022-11-09,2022-08-29
psx,,2023-05-03,2023-01-31,2022-11-01,2022-07-29
ptc,2023-07-26,2023-04-26,2023-02-01,2022-11-02,2022-07-27
pten,2023-07-26,2023-04-26,2023-02-08,2022-10-26,2022-07-27
pton,,2023-05-04,2023-02-01,2022-11-03,2022-08-25
pvh,,2023-05-31,2023-03-27,2022-11-30,2022-08-30
pwr,2023-08-03,2023-05-04,2023-02-23,2022-11-03,2022-08-04
pwsc,,2023-05-04,2023-02-22,2022-11-07,2022-08-08
pxd,2023-08-01,2023-04-26,2023-02-22,2022-10-27,2022-08-02
pycr,,2023-05-10,2023-02-08,2022-11-02,2022-08-23
pypl,2023-08-01,2023-05-08,2023-02-09,2022-11-03,2022-08-02
qcom,2023-07-26,2023-05-03,2023-02-02,2022-11-02,2022-07-27
qrvo,2023-08-02,2023-05-03,2023-02-01,2022-11-02,2022-08-03
qs,2023-07-26,2023-04-26,2023-02-15,2022-10-26,2022-07-27
rare,2023-07-27,2023-05-04,2023-02-16,2022-11-02,2022-07-28
rblx,,2023-05-10,2023-02-15,2022-11-09,2022-08-09
rcl,2023-07-27,2023-05-04,2023-02-07,2022-11-03,2022-07-28
rcm,2023-08-02,2023-05-04,2023-02-16,2022-11-08,2022-08-03
rdn,,2023-05-03,2023-02-08,2022-11-02,2022-08-01
reg,2023-08-03,2023-05-04,2023-02-09,2022-11-03,2022-08-04
rely,2023-08-02,2023-05-03,2023-02-22,2022-11-02,2022-08-03
rexr,2023-07-19,2023-04-19,2023-02-08,2022-10-19,2022-07-20
rf,2023-07-28,2023-04-21,2023-01-20,2022-10-21,2022-07-22
rh,,2023-05-25,2023-03-29,2022-12-08,2022-09-08
rhi,2023-07-20,2023-04-26,2023-01-26,2022-10-20,2022-07-21
rhp,,2023-05-03,2023-02-23,2022-10-31,2022-08-01
ritm,2023-08-01,2023-05-04,2023-02-08,2022-11-02,2022-08-02
rivn,,2023-05-09,2023-02-28,2022-11-09,2022-08-11
rjf,2023-07-26,2023-04-26,2023-01-25,2022-10-26,2022-07-27
rklb,,2023-05-09,2023-02-28,2022-11-09,2022-08-11
rl,,2023-05-25,2023-02-09,2022-11-10,2022-08-09
rmbs,,2023-05-01,2023-02-06,2022-10-31,2022-08-01
rmd,,2023-04-27,2023-01-26,2022-10-27,2022-08-11
rok,2023-07-26,2023-04-27,2023-01-26,2022-11-02,2022-07-27
roku,2023-07-27,2023-04-26,2023-02-15,2022-11-02,2022-07-28
rol,2023-07-26,2023-04-26,2023-02-15,2022-10-26,2022-07-27
rost,,2023-05-18,2023-02-28,2022-11-17,2022-08-18
rpd,2023-08-02,2023-05-09,2023-02-08,2022-11-02,2022-08-03
rprx,2023-08-03,2023-05-09,2023-02-15,2022-11-08,2022-08-04
rrc,2023-07-24,2023-04-24,2023-02-27,2022-10-24,2022-07-25
rrr,,2023-05-04,2023-02-07,2022-10-27,2022-08-09
rsg,2023-08-03,2023-04-27,2023-02-15,2022-10-27,2022-08-04
rtx,2023-07-25,2023-04-25,2023-01-24,2022-10-25,2022-07-26
run,2023-08-02,2023-05-03,2023-02-22,2022-11-02,2022-08-03
rvmd,,2023-05-08,2023-02-27,2022-11-07,2022-08-09
rvnc,,2023-05-09,2023-02-28,2022-11-08,2022-08-09
rvty,,2023-05-11,2023-02-14,2022-11-08,2022-08-01
ryan,,2023-05-04,2023-02-28,2022-11-10,2022-08-11
sage,2023-08-01,2023-05-02,2023-02-16,2022-11-08,2022-08-02
saia,2023-07-26,2023-04-28,2023-02-03,2022-10-31,2022-07-27
sbcf,2023-07-27,2023-04-27,2023-01-26,2022-10-27,2022-07-28
sbra,2023-08-02,2023-05-03,2023-02-21,2022-11-07,2022-08-03
sbux,2023-08-01,2023-05-02,2023-02-02,2022-11-03,2022-08-02
scco,2023-07-25,2023-04-27,2023-02-03,2022-10-28,2022-07-26
schw,2023-07-17,2023-04-17,2023-01-18,2022-10-17,2022-07-18
sci,2023-08-01,2023-05-01,2023-02-14,2022-11-01,2022-08-02
sdgr,2023-08-03,2023-05-04,2023-02-28,2022-11-03,2022-08-04
se,,2023-05-16,2023-03-07,2022-11-15,2022-08-16
seas,2023-08-03,2023-05-09,2023-02-28,2022-11-09,2022-08-04
see,2023-08-01,2023-05-02,2023-02-09,2022-11-01,2022-08-02
sfm,2023-08-02,2023-05-01,2023-03-02,2022-11-08,2022-08-03
sfnc,2023-07-20,2023-04-25,2023-01-24,2022-10-25,2022-07-21
sgen,2023-07-27,2023-04-27,2023-02-15,2022-10-27,2022-07-28
sgry,2023-08-01,2023-05-01,2023-03-01,2022-11-08,2022-08-02
shak,2023-08-03,2023-05-04,2023-02-16,2022-11-03,2022-08-04
shls,,2023-05-08,2023-02-28,2022-11-14,2022-08-15
sho,2023-08-02,2023-05-05,2023-02-22,2022-11-08,2022-08-03
shoo,2023-07-26,2023-05-09,2023-02-23,2022-11-02,2022-07-27
shw,2023-07-26,2023-04-25,2023-01-26,2022-10-25,2022-07-27
siri,2023-07-27,2023-04-27,2023-02-02,2022-11-01,2022-07-28
sitc,2023-07-27,2023-04-25,2023-02-08,2022-10-25,2022-07-28
six,,2023-05-08,2023-03-02,2022-11-10,2022-08-11
sjm,,2023-06-06,2023-02-28,2022-11-21,2022-08-23
skt,2023-08-003,2023-04-27,2023-02-21,2022-11-02,2022-08-08
skx,,2023-04-27,2023-02-02,2022-10-25,2022-07-26
slab,2023-07-26,2023-04-26,2023-02-01,2022-10-26,2022-07-27
slgn,2023-07-26,2023-04-26,2023-01-24,2022-10-26,2022-07-27
slm,2023-07-26,2023-04-26,2023-02-01,2022-10-26,2022-07-27
sm,2023-08-02,2023-04-27,2023-02-22,2022-11-03,2022-08-03
smar,,2023-06-07,2023-03-14,2022-12-01,2022-09-01
smci,,2023-05-02,2023-01-31,2022-11-01,2022-08-09
smpl,2023-06-29,2023-04-05,2023-01-05,2022-10-21,2022-06-30
snap,2023-07-20,2023-04-27,2023-01-31,2022-10-20,2022-07-21
snow,,2023-05-24,2023-03-01,2022-11-30,2022-08-24
snps,,2023-05-17,2023-02-15,2022-11-30,2022-08-17
snv,2023-07-20,2023-04-19,2023-01-18,2022-10-20,2022-07-21
so,2023-07-27,2023-04-27,2023-02-16,2022-10-27,2022-07-28
sofi,2023-08-01,2023-05-01,2023-01-30,2022-11-01,2022-08-02
sono,,2023-05-10,2023-02-08,2022-11-16,2022-08-10
spg,,2023-05-02,2023-02-06,2022-11-01,2022-08-01
spgi,2023-08-01,2023-04-27,2023-02-09,2022-10-27,2022-08-02
splk,,2023-05-24,2023-03-01,2022-11-30,2022-08-24
spr,2023-08-02,2023-05-03,2023-02-07,2022-11-03,2022-08-03
spt,2023-08-01,2023-05-02,2023-02-21,2022-11-03,2022-08-02
sq,2023-08-03,2023-05-04,2023-02-23,2022-11-03,2022-08-04
sre,2023-08-03,2023-05-04,2023-02-28,2022-11-03,2022-08-04
srpt,2023-08-01,2023-05-02,2023-02-28,2022-11-02,2022-08-02
ssb,2023-07-27,2023-04-27,2023-01-26,2022-10-24,2022-07-28
ssnc,2023-07-26,2023-04-27,2023-02-07,2022-10-27,2022-07-27
staa,,2023-05-03,2023-02-21,2022-11-02,2022-08-10
stag,2023-07-26,2023-04-26,2023-02-15,2022-10-27,2022-07-27
stld,2023-07-19,2023-04-19,2023-01-25,2022-10-19,2022-07-20
str,,2023-05-09,2023-03-08,2022-11-08,2022-08-08
stt,2023-07-21,2023-04-17,2023-01-20,2022-10-18,2022-07-15
stwd,2023-08-03,2023-05-04,2023-03-01,2022-11-09,2022-08-04
stz,2023-06-30,2023-04-06,2023-01-05,2022-10-06,2022-06-30
sui,2023-07-26,2023-04-26,2023-02-22,2022-10-24,2022-07-25
sum,2023-08-02,2023-05-03,2023-02-15,2022-11-02,2022-08-03
swk,2023-07-27,2023-05-04,2023-02-02,2022-10-27,2022-07-28
swks,2023-08-03,2023-05-08,2023-02-06,2022-11-03,2022-08-04
swn,2023-08-03,2023-04-27,2023-02-23,2022-10-27,2022-08-04
syf,2023-07-17,2023-04-19,2023-01-23,2022-10-25,2022-07-18
syk,2023-07-25,2023-05-01,2023-01-31,2022-10-31,2022-07-26
sym,,2023-05-01,2023-01-30,2022-11-21,2022-08-01
syna,2023-08-03,2023-05-03,2023-02-02,2022-11-03,2022-08-04
synh,2023-08-01,2023-05-10,2023-02-16,2022-11-03,2022-08-02
syy,,2023-05-02,2023-01-31,2022-11-01,2022-08-09
t,2023-07-20,2023-04-20,2023-01-25,2022-10-20,2022-07-21
tcbi,2023-07-20,2023-04-20,2023-01-18,2022-10-19,2022-07-21
tdc,2023-08-03,2023-05-04,2023-02-13,2022-11-07,2022-08-04
tdoc,2023-07-26,2023-04-26,2023-02-22,2022-10-26,2022-07-27
tech,2023-08-03,2023-05-03,2023-02-02,2022-11-01,2022-08-04
tenb,2023-07-25,2023-04-24,2023-02-07,2022-10-25,2022-07-26
ter,2023-07-25,2023-04-26,2023-01-25,2022-10-25,2022-07-26
tex,2023-08-01,2023-05-01,2023-02-09,2022-10-27,2022-08-02
tfc,2023-07-20,2023-04-20,2023-01-19,2022-10-18,2022-07-19
tgna,,2023-05-10,2023-02-27,2022-11-09,2022-08-08
tgt,,2023-05-17,2023-02-28,2022-11-16,2022-08-17
tgtx,,2023-05-01,2023-02-28,2022-11-10,2022-08-08
thc,2023-07-20,2023-04-25,2023-02-09,2022-10-20,2022-07-21
tho,,2023-06-06,2023-03-07,2022-12-07,2022-09-28
tjx,,2023-05-17,2023-02-22,2022-11-16,2022-08-17
tkr,2023-07-27,2023-05-03,2023-02-06,2022-10-26,2022-07-28
tmhc,2023-07-26,2023-04-26,2023-02-15,2022-10-26,2022-07-27
tmo,2023-07-27,2023-04-26,2023-02-01,2022-10-26,2022-07-28
tmus,2023-07-26,2023-04-27,2023-02-01,2022-10-27,2022-07-27
tnl,2023-07-27,2023-04-26,2023-02-22,2022-10-27,2022-07-28
tol,,2023-05-23,2023-02-21,2022-12-06,2022-08-23
tph,2023-07-20,2023-04-27,2023-02-21,2022-10-27,2022-07-21
tpr,,2023-05-11,2023-02-09,2022-11-10,2022-08-18
tpx,2023-07-26,2023-05-09,2023-02-09,2022-11-03,2022-07-27
trex,,2023-05-08,2023-02-27,2022-10-31,2022-08-08
trgp,2023-08-03,2023-05-04,2023-02-22,2022-11-03,2022-08-04
trip,2023-08-03,2023-05-03,2023-02-14,2022-11-07,2022-08-04
trmb,,2023-05-03,2023-02-08,2022-11-02,2022-08-05
trno,,2023-05-03,2023-02-08,2022-11-02,2022-08-03
trow,2023-07-27,2023-05-02,2023-01-26,2022-10-27,2022-07-28
tru,,2023-04-25,2023-02-14,2022-10-25,2022-07-26
trv,2023-07-20,2023-04-19,2023-01-24,2022-10-19,2022-07-21
tsco,2023-07-20,2023-04-27,2023-01-26,2022-10-20,2022-07-21
tsla,2023-07-19,2023-04-19,2023-01-25,2022-10-19,2022-07-20
tsn,,2023-05-08,2023-02-06,2022-11-14,2022-08-08
ttc,,2023-06-08,2023-03-09,2022-12-21,2022-09-01
ttd,,2023-05-10,2023-02-15,2022-11-09,2022-08-09
ttwo,,2023-05-17,2023-02-06,2022-11-07,2022-08-08
tw,2023-08-02,2023-04-27,2023-02-02,2022-10-27,2022-08-03
twlo,2023-08-03,2023-05-09,2023-02-15,2022-11-03,2022-08-04
twnk,2023-08-02,2023-05-09,2023-02-21,2022-11-02,2022-08-03
txg,,2023-05-03,2023-02-15,2022-11-02,2022-08-08
txn,2023-07-25,2023-04-25,2023-01-24,2022-10-25,2022-07-26
txrh,2023-07-27,2023-05-04,2023-02-16,2022-10-27,2022-07-28
txt,2023-07-27,2023-04-27,2023-01-25,2022-10-27,2022-07-28
u,,2023-05-10,2023-02-22,2022-11-09,2022-08-09
uaa,2023-08-02,2023-05-09,2023-02-08,2022-11-03,2022-08-03
ual,2023-07-19,2023-04-18,2023-01-17,2022-10-18,2022-07-20
ubsi,2023-07-27,2023-04-26,2023-01-26,2022-10-27,2022-07-28
ucbi,2023-07-18,2023-04-18,2023-01-17,2022-10-18,2022-07-19
udr,2023-07-25,2023-04-26,2023-02-06,2022-10-26,2022-07-26
ugi,2023-08-02,2023-05-03,2023-02-01,2022-11-17,2022-08-03
ulcc,2023-07-26,2023-05-03,2023-02-08,2022-10-26,2022-07-27
ulta,,2023-05-25,2023-03-09,2022-12-01,2022-08-25
unh,2023-07-21,2023-04-14,2023-01-13,2022-10-14,2022-07-15
unm,2023-08-01,2023-05-02,2023-01-31,2022-11-01,2022-08-02
unp,2023-07-20,2023-04-20,2023-01-24,2022-10-20,2022-07-21
unvr,,2023-05-08,2023-02-21,2022-11-01,2022-08-01
ups,2023-07-25,2023-04-25,2023-01-31,2022-10-25,2022-07-26
upst,,2023-05-09,2023-02-14,2022-11-08,2022-08-08
urbn,,2023-05-23,2023-02-28,2022-11-21,2022-08-23
uri,2023-07-26,2023-04-26,2023-01-25,2022-10-26,2022-07-27
usb,2023-07-19,2023-04-19,2023-01-25,2022-10-14,2022-07-15
usfd,,2023-05-11,2023-02-16,2022-11-10,2022-08-11
v,2023-07-25,2023-04-25,2023-01-26,2022-10-25,2022-07-26
verx,,2023-05-10,2023-03-08,2022-11-09,2022-08-09
vfc,2023-07-27,2023-05-23,2023-02-07,2022-10-26,2022-07-28
vgr,2023-08-03,2023-05-08,2023-02-15,2022-11-01,2022-08-04
viav,,2023-05-02,2023-02-02,2022-11-03,2022-08-11
virt,2023-07-27,2023-04-20,2023-01-26,2022-11-03,2022-07-28
vktx,2023-07-26,2023-04-26,2023-02-08,2022-10-26,2022-07-27
vlo,2023-07-27,2023-04-27,2023-01-26,2022-10-25,2022-07-28
vly,2023-07-27,2023-04-27,2023-01-26,2022-10-27,2022-07-28
vmc,2023-08-03,2023-05-04,2023-02-16,2022-11-02,2022-08-04
vmw,,2023-06-01,2023-03-02,2022-11-22,2022-08-25
vno,,2023-05-01,2023-02-13,2022-10-31,2022-08-01
voya,2023-08-01,2023-05-02,2023-02-07,2022-11-01,2022-08-02
vrns,,2023-05-01,2023-02-06,2022-10-31,2022-08-01
vrnt,,2023-06-07,2023-03-29,2022-12-07,2022-09-07
vrrm,2023-08-02,2023-05-04,2023-03-01,2022-11-02,2022-08-03
vrsk,2023-08-01,2023-05-03,2023-02-28,2022-11-01,2022-08-02
vrt,2023-08-02,2023-04-26,2023-02-22,2022-10-26,2022-08-03
vrtx,2023-08-03,2023-05-01,2023-02-07,2022-10-27,2022-08-04
vsh,2023-08-01,2023-05-10,2023-02-08,2022-11-02,2022-08-02
vtr,2023-08-03,2023-05-08,2023-02-09,2022-11-03,2022-08-04
vtrs,,2023-05-08,2023-02-27,2022-11-07,2022-08-08
vtyx,,2023-05-11,2023-03-23,2022-11-03,2022-08-15
vvv,2023-08-02,2023-05-10,2023-02-07,2022-11-15,2022-08-03
w,2023-08-03,2023-05-04,2023-02-23,2022-11-03,2022-08-04
wab,,2023-04-26,2023-02-15,2022-11-01,2022-08-05
wal,2023-07-20,2023-04-18,2023-01-24,2022-10-20,2022-07-21
wba,2023-06-27,2023-03-28,2023-01-05,2022-10-13,2022-06-30
wbd,2023-08-03,2023-05-05,2023-02-23,2022-11-03,2022-08-04
wbs,2023-07-20,2023-04-20,2023-01-26,2022-10-20,2022-07-21
wcc,2023-08-03,2023-05-04,2023-02-14,2022-11-03,2022-08-04
wday,,2023-05-25,2023-02-27,2022-11-29,2022-08-25
wdc,,2023-05-08,2023-01-31,2022-10-27,2022-08-05
wec,2023-08-01,2023-05-01,2023-02-02,2022-11-01,2022-08-02
well,,2023-05-02,2023-02-15,2022-11-07,2022-08-09
wen,,2023-05-10,2023-03-01,2022-11-09,2022-08-10
wern,,2023-05-03,2023-02-07,2022-11-02,2022-08-03
wes,2023-08-02,2023-05-03,2023-02-22,2022-11-02,2022-08-03
wfc,2023-07-14,2023-04-14,2023-01-13,2022-10-14,2022-07-15
wfrd,2023-07-26,2023-04-25,2023-02-07,2022-10-25,2022-07-27
whr,2023-07-24,2023-04-24,2023-01-30,2022-10-20,2022-07-25
wing,2023-07-27,2023-05-03,2023-02-22,2022-10-26,2022-07-28
wly,2023-06-15,2023-03-09,2022-12-07,2022-09-07,2022-06-15
wm,2023-07-26,2023-04-26,2023-01-31,2022-10-26,2022-07-27
wmb,,2023-05-03,2023-02-20,2022-10-31,2022-08-01
wmg,,2023-05-09,2023-02-09,2022-11-22,2022-08-09
wms,2023-08-03,2023-05-18,2023-02-02,2022-11-03,2022-08-04
wmt,,2023-05-18,2023-02-21,2022-11-15,2022-08-16
wolf,,2023-04-26,2023-01-25,2022-10-26,2022-08-17
woof,,2023-05-24,2023-03-22,2022-11-30,2022-08-24
wpc,,2023-04-28,2023-02-10,2022-11-04,2022-07-29
wrb,2023-07-20,2023-04-20,2023-01-26,2022-10-24,2022-07-21
wsc,2023-08-02,2023-04-26,2023-02-21,2022-11-02,2022-08-03
wsm,,2023-05-23,2023-03-16,2022-11-17,2022-08-24
wtfc,2023-07-19,2023-04-19,2023-01-18,2022-10-18,2022-07-20
wtrg,2023-08-02,2023-05-08,2023-02-27,2022-11-07,2022-08-03
wu,2023-08-02,2023-05-02,2023-02-07,2022-11-01,2022-08-03
wwe,,2023-05-03,2023-02-02,2022-11-02,2022-08-16
wy,,2023-04-27,2023-01-26,2022-10-27,2022-07-29
wynn,,2023-05-09,2023-02-08,2022-11-09,2022-08-09
x,2023-07-27,2023-04-27,2023-02-02,2022-10-27,2022-07-28
xel,2023-07-27,2023-04-27,2023-01-26,2022-10-27,2022-07-28
xm,2023-07-19,2023-04-20,2023-01-25,2022-10-24,2022-07-20
xom,,2023-04-28,2023-01-31,2022-10-28,2022-07-29
xpo,2023-08-03,2023-05-04,2023-02-08,2022-10-31,2022-08-04
xrx,2023-07-25,2023-04-25,2023-01-26,2022-10-25,2022-07-26
xyl,2023-08-01,2023-05-04,2023-02-07,2022-11-01,2022-08-02
yelp,2023-08-03,2023-05-04,2023-02-09,2022-11-03,2022-08-04
yeti,2023-08-03,2023-05-11,2023-02-23,2022-11-10,2022-08-04
yum,2023-08-02,2023-05-03,2023-02-08,2022-11-02,2022-08-03
yumc,2023-07-27,2023-05-02,2023-02-07,2022-11-01,2022-07-28
zbh,2023-08-01,2023-05-02,2023-02-03,2022-11-02,2022-08-02
zi,,2023-05-01,2023-02-06,2022-11-01,2022-08-01
zion,2023-07-19,2023-04-19,2023-01-23,2022-10-24,2022-07-26
zm,,2023-05-22,2023-02-27,2022-11-21,2022-08-22
zs,,2023-06-01,2023-03-02,2022-12-01,2022-09-08
zts,2023-08-03,2023-05-04,2023-02-14,2022-11-03,2022-08-04
zws,2023-07-25,2023-04-25,2023-02-07,2022-10-25,2022-07-26
